DNI;APELLIDOS Y NOMBRES;INFORME LABORATORIO 1;INFORME LABORATORIO 2;PRACTICA 1;PRACTICA 2;PRACTICA 3;PRACTICA 4;EXPOSICIÓN
73916697;ACUÑA GELACIO, LESLY BRILLIT;A;C;C;C;C;A;B
73554839;ALAMAS NIÑO, MITZUE ZAYUMI;B;AD;C;C;C;A;C
71175835;ARRASCO TORRES, CAMILA XIOMARA;C;C;C;C;C;C;A
62073174;BARRANTES TERRONES, YOCELI;C;C;C;C;C;B;C
73838633;BARTUREN TAVARA, DAYANA NICOLL;A;A;C;C;C;A;A
73410070;CASTRO SERNAQUE, KRIZ STEISY;B;C;C;C;C;C;C
74506710;CASUSOL SHUÑA, YASUMI JAZMIN;A;A;A;C;A;A;A
73296735;CHINGUEL FACUNDO, GREYCI TATIANA;A;B;C;C;C;C;B
73845866;CHOZO SALAZAR, JIMENA ARACELY;B;A;A;A;C;C;A
74102809;CHUMAN MONTENEGRO, LUCIANA FERNANDA;A;A;A;A;A;A;A
73407416;CORDOVA CRUZ, KAREN EDITH;A;AD;AD;B;AD;AD;AD
62397196;FIESTAS FIESTAS, BLANCA ILIANA;B;A;A;B;AD;AD;AD
73401278;FLORES PEÑA, ANGELINA YHAJAIRA;B;A;A;C;C;C;A
74011679;GONZALES ABARCA, XIOMARA TATIANA;A;A;C;C;A;A;A
61971389;JARA BERRU, EXILDA ELIZABETH;B;B;C;C;C;C;A
74098223;LEYTON BERNALES, ANA LUCIA;A;AD;B;C;A;AD;AD
73928833;MEL GONZALES, MARICIELO LIZBET;A;AD;A;B;B;AD;AD
61798840;NUÑEZ MAZA, KAREN YATZEL;B;B;C;B;C;C;A
62069949;PINTADO SAAVEDRA, MILENA ALEXANDRA;C;C;C;C;C;C;C
74018928;REQUEJO DELGADO, MERCEDES MILENA;B;B;A;A;A;AD;A
73846618;ROJAS CORZO, CANDY PRISCILA;A;A;C;A;C;B;A
77937834;SANDOVAL GUERRERO, CIELO VIOLETA;C;C;C;C;C;C;C
73920393;VALENCIA GUERRERO, ELIDA SOLANGE;A;A;C;C;C;B;B
73563284;VASQUEZ CHAVEZ, LUANA MAYRED;A;A;C;C;B;C;A
73408770;VENTURA CHICOMA, MYLEENE JAZMIN;B;A;C;C;C;C;A
74189460;VENTURA LEDESMA, NICOLLE ZAORI;B;A;C;C;C;C;A
